{"o": -0.0851227740655151, "a": 0.9964000835457408, "y0": 38365.39933969606, "x0": 20381.14390449904, "m": 1.000029506141978, "e": -5.425489407091154}