{
    "N": {
        "_Punkt__y": 24052.786090959275,
        "_Punkt__x": 90315.6044206622,
        "_Punkt__nr": "N",
        "_Punkt__epsg": 0
    }
}