{
    "ys_alt": 251.43325,
    "xs_alt": 333.12874999999997,
    "ys_neu": 32505401.66,
    "xs_neu": 5895250.3575,
    "o": 0.7132024190223437,
    "a": 1.8530105325025406,
    "y0": 32504698.163309183,
    "x0": 5894812.389219693,
    "m": 1.9855240426810932,
    "e": 23.39015657092055
}