{
    "ys_alt": 251.43325,
    "xs_alt": 333.12874999999997,
    "ys_neu": 32505401.66,
    "xs_neu": 5895250.3575,
    "a1": 1.8630053030674436,
    "a2": 0.7154367931617682,
    "a3": 1.848624435470499,
    "a4": 0.7239473783266618,
    "y0": 32504695.686664954,
    "x0": 5894809.62147022
}