{
    "A": {
        "_Punkt__y": 419.528736706657,
        "_Punkt__x": 928.0023667776015,
        "_Punkt__nr": "A",
        "_Punkt__epsg": 0
    },
    "B": {
        "_Punkt__y": 593.2705458123834,
        "_Punkt__x": 1336.6437596995113,
        "_Punkt__nr": "B",
        "_Punkt__epsg": 0
    }
}