{
    "P1": {
        "_Punkt__y": 0.0,
        "_Punkt__x": 500.0,
        "_Punkt__nr": "P1",
        "_Punkt__epsg": 0
    },
    "P2": {
        "_Punkt__y": 0.039348088994598275,
        "_Punkt__x": 794.0999643792089,
        "_Punkt__nr": "P2",
        "_Punkt__epsg": 0
    },
    "P3": {
        "_Punkt__y": 223.80348629381268,
        "_Punkt__x": 916.9455941255795,
        "_Punkt__nr": "P3",
        "_Punkt__epsg": 0
    },
    "P4": {
        "_Punkt__y": 466.16959414964407,
        "_Punkt__x": 793.7379584941879,
        "_Punkt__nr": "P4",
        "_Punkt__epsg": 0
    },
    "P5": {
        "_Punkt__y": 427.1536837482425,
        "_Punkt__x": 488.05178509804443,
        "_Punkt__nr": "P5",
        "_Punkt__epsg": 0
    },
    "P6": {
        "_Punkt__y": 179.2112073577223,
        "_Punkt__x": 352.6800906768356,
        "_Punkt__nr": "P6",
        "_Punkt__epsg": 0
    }
}