{
    "1": [
        -0.11889350786805153,
        0.03239506483078003
    ],
    "2": [
        0.14561354741454124,
        -0.03967550862580538
    ],
    "3": [
        0.1585947908461094,
        -0.0432125236839056
    ],
    "4": [
        -0.1853148341178894,
        0.05049296747893095
    ]
}