{
    "N": {
        "_Punkt__y": 1135.8986584478646,
        "_Punkt__x": 3195.7386604889534,
        "_Punkt__nr": "N",
        "_Punkt__epsg": 0
    }
}