{
    "1": {
        "_Punkt__y": 32504989.740419436,
        "_Punkt__x": 5895260.1070663575,
        "_Punkt__nr": "1",
        "_Punkt__epsg": 0
    },
    "2": {
        "_Punkt__y": 32505414.725454118,
        "_Punkt__x": 5895361.663878335,
        "_Punkt__nr": "2",
        "_Punkt__epsg": 0
    },
    "3": {
        "_Punkt__y": 32505468.644213725,
        "_Punkt__x": 5895141.369509368,
        "_Punkt__nr": "3",
        "_Punkt__epsg": 0
    },
    "4": {
        "_Punkt__y": 32505733.529912718,
        "_Punkt__x": 5895238.289545938,
        "_Punkt__nr": "4",
        "_Punkt__epsg": 0
    },
    "5": {
        "_Punkt__y": 32505861.1021999,
        "_Punkt__x": 5895170.891821612,
        "_Punkt__nr": "5",
        "_Punkt__epsg": 0
    }
}