{
    "N": {
        "_Punkt__y": 48613.343434289294,
        "_Punkt__x": 6361.169654338304,
        "_Punkt__nr": "N",
        "_Punkt__epsg": 0
    }
}