{
    "1": [
        -0.013419434428215027,
        -0.2300663571804762
    ],
    "2": [
        0.7945458814501762,
        0.5381216648966074
    ],
    "3": [
        -0.48621372506022453,
        -0.5485093677416444
    ],
    "4": [
        -0.2949127182364464,
        0.24045406188815832
    ]
}