{
    "P2": {
        "_Punkt__y": 213.64557799209126,
        "_Punkt__x": 496.72998427219443,
        "_Punkt__nr": "P2",
        "_Punkt__epsg": 0
    },
    "P3": {
        "_Punkt__y": 280.56858104316785,
        "_Punkt__x": 614.2466359920775,
        "_Punkt__nr": "P3",
        "_Punkt__epsg": 0
    },
    "P4": {
        "_Punkt__y": 358.51047087272747,
        "_Punkt__x": 707.002013248535,
        "_Punkt__nr": "P4",
        "_Punkt__epsg": 0
    }
}