{
    "1": {
        "_Punkt__y": 32504989.84589351,
        "_Punkt__x": 5895259.8446049355,
        "_Punkt__nr": "1",
        "_Punkt__epsg": 0
    },
    "2": {
        "_Punkt__y": 32505415.374386452,
        "_Punkt__x": 5895362.241675508,
        "_Punkt__nr": "2",
        "_Punkt__epsg": 0
    },
    "3": {
        "_Punkt__y": 32505467.99940521,
        "_Punkt__x": 5895140.864212524,
        "_Punkt__nr": "3",
        "_Punkt__epsg": 0
    },
    "4": {
        "_Punkt__y": 32505733.420314834,
        "_Punkt__x": 5895238.479507033,
        "_Punkt__nr": "4",
        "_Punkt__epsg": 0
    },
    "5": {
        "_Punkt__y": 32505860.583712146,
        "_Punkt__x": 5895170.834604179,
        "_Punkt__nr": "5",
        "_Punkt__epsg": 0
    }
}